"구분(1)",구분(2),2024,2024,2024,2024,2024,2024,2024,2024,2024,2024,2024,2024,2024,2024,2024,2024,2024,2024,2024,2024,2024,2024,2024,2024,2024,2024,2024,2024,2024,2024,2024,2024,2024,2024,2024,2024,2024,2024,2024,2024,2024,2024,2024,2024,2024,2024,2024,2024,2024,2024,2024,2024,2024,2024,2024,2024,2024,2024,2024,2024,2024,2024,2024,2024,2024,2024,2024,2024,2024,2024,2024,2024,2024,2024,2024,2024,2024,2024,2024,2024,2024,2024,2024,2024
"구분(1)",구분(2),총합계,총합계,단독주거시설,단독주거시설,공동주거시설,공동주거시설,공업시설,공업시설,상업업무시설,상업업무시설,혼합지역,혼합지역,문화체육휴양시설,문화체육휴양시설,공항,공항,항만,항만,철도,철도,도로,도로,기타교통통신시설,기타교통통신시설,환경기초시설,환경기초시설,교육행정시설,교육행정시설,기타공공시설,기타공공시설,경지정리가 된 논,경지정리가 된 논,경지정리가 안 된 논,경지정리가 안 된 논,경지정리가 된 밭,경지정리가 된 밭,경지정리가 안 된 밭,경지정리가 안 된 밭,시설재배지,시설재배지,과수원,과수원,목장양식장,목장양식장,기타재배지,기타재배지,활엽수림,활엽수림,침엽수림,침엽수림,혼효림,혼효림,자연초지,자연초지,골프장,골프장,묘지,묘지,기타초지,기타초지,내륙습지,내륙습지,갯벌,갯벌,염전,염전,해변,해변,강기슭,강기슭,암벽바위,암벽바위,채광지역,채광지역,운동장,운동장,기타나지,기타나지,하천,하천,호소,호소,해양수,해양수
"구분(1)",구분(2),면적 (m²),비율 (%),면적 (m²),비율 (%),면적 (m²),비율 (%),면적 (m²),비율 (%),면적 (m²),비율 (%),면적 (m²),비율 (%),면적 (m²),비율 (%),면적 (m²),비율 (%),면적 (m²),비율 (%),면적 (m²),비율 (%),면적 (m²),비율 (%),면적 (m²),비율 (%),면적 (m²),비율 (%),면적 (m²),비율 (%),면적 (m²),비율 (%),면적 (m²),비율 (%),면적 (m²),비율 (%),면적 (m²),비율 (%),면적 (m²),비율 (%),면적 (m²),비율 (%),면적 (m²),비율 (%),면적 (m²),비율 (%),면적 (m²),비율 (%),면적 (m²),비율 (%),면적 (m²),비율 (%),면적 (m²),비율 (%),면적 (m²),비율 (%),면적 (m²),비율 (%),면적 (m²),비율 (%),면적 (m²),비율 (%),면적 (m²),비율 (%),면적 (m²),비율 (%),면적 (m²),비율 (%),면적 (m²),비율 (%),면적 (m²),비율 (%),면적 (m²),비율 (%),면적 (m²),비율 (%),면적 (m²),비율 (%),면적 (m²),비율 (%),면적 (m²),비율 (%),면적 (m²),비율 (%),면적 (m²),비율 (%)
"전국",합계,100873282128,100.00,529212627,0.52,197290491,0.20,394280327,0.39,632816147,0.63,36424,0.00,103043498,0.10,1396502,0.00,48400497,0.05,61862677,0.06,5598800747,5.55,875733,0.00,14104670,0.01,72467632,0.07,335325136,0.33,5531379689,5.48,2096026895,2.08,1328679919,1.32,5810514736,5.76,823375880,0.82,1419872995,1.41,178145837,0.18,51842897,0.05,28668254477,28.42,21876426993,21.69,7162246300,7.10,250444435,0.25,181217946,0.18,921612565,0.91,9545899787,9.46,1245323200,1.23,35521388,0.04,34191006,0.03,62841102,0.06,225962795,0.22,365398424,0.36,78241100,0.08,50586751,0.05,2584684744,2.56,1178841837,1.17,1107691308,1.10,68144015,0.07
"서울특별시",소계,605755911,100.00,23070077,3.81,32597449,5.38,697707,0.12,38423340,6.34,2028,0.00,7209461,1.19,113353,0.02,10502,0.00,3245995,0.54,201993514,33.35,20358,0.00,1067883,0.18,7916819,1.31,4530464,0.75,-,-,1885504,0.31,-,-,6005569,0.99,1102400,0.18,382039,0.06,42854,0.01,257792,0.04,95369773,15.74,25544046,4.22,19443535,3.21,581147,0.10,636082,0.11,1565810,0.26,69710936,11.51,1830185,0.30,-,-,-,-,-,-,507705,0.08,7384989,1.22,10428,0.00,4196848,0.69,16532433,2.73,31170584,5.15,696301,0.11,-,-
"서울특별시",종로구,23990643,100.00,1209624,5.04,576353,2.40,1197,0.00,1615748,6.73,30,0.00,311888,1.30,-,-,-,-,-,-,5708892,23.80,-,-,425,0.00,311839,1.30,176719,0.74,-,-,-,-,-,-,69511,0.29,1917,0.01,-,-,14,0.00,7381,0.03,5358136,22.33,2624111,10.94,2258018,9.41,13979,0.06,-,-,447,0.00,2000640,8.34,23382,0.10,-,-,-,-,-,-,8107,0.03,1047133,4.36,-,-,85663,0.36,511136,2.13,39579,0.16,28773,0.12,-,-
"서울특별시",중구,9990181,100.00,374019,3.74,315433,3.16,228,0.00,2037074,20.39,84,0.00,148692,1.49,-,-,-,-,14923,0.15,4475764,44.80,846,0.01,35,0.00,161063,1.61,105242,1.05,-,-,-,-,-,-,3248,0.03,822,0.01,-,-,-,-,1229,0.01,979664,9.81,54499,0.55,98636,0.99,5793,0.06,-,-,-,-,873769,8.75,3115,0.03,-,-,-,-,-,-,-,-,8032,0.08,-,-,53765,0.54,259837,2.60,12263,0.12,2108,0.02,-,-
"서울특별시",용산구,21892570,100.00,1151701,5.26,804262,3.67,11918,0.05,1254619,5.73,-,-,253670,1.16,-,-,-,-,320119,1.46,6339951,28.96,6907,0.03,5557,0.03,184944,0.84,100607,0.46,-,-,-,-,-,-,14612,0.07,-,-,-,-,-,-,-,-,2556733,11.68,1233335,5.63,857010,3.91,23728,0.11,-,-,1055,0.00,2221011,10.15,977,0.00,-,-,-,-,-,-,3208,0.01,-,-,-,-,91468,0.42,729418,3.33,3703226,16.92,22535,0.10,-,-
"서울특별시",성동구,16817153,100.00,668231,3.97,692342,4.12,88578,0.53,1446697,8.60,-,-,241733,1.44,-,-,-,-,296179,1.76,6443043,38.31,-,-,282030,1.68,272674,1.62,156797,0.93,-,-,-,-,-,-,16149,0.10,1505,0.01,-,-,17,0.00,277,0.00,541811,3.22,17467,0.10,43834,0.26,54839,0.33,-,-,-,-,2488521,14.80,91199,0.54,-,-,-,-,-,-,10242,0.06,11170,0.07,-,-,89826,0.53,527433,3.14,2313163,13.75,21396,0.13,-,-
"서울특별시",광진구,17049030,100.00,1164725,6.83,1029144,6.04,1068,0.01,1137174,6.67,374,0.00,269485,1.58,-,-,-,-,40438,0.24,6623066,38.85,-,-,6754,0.04,302712,1.78,136854,0.80,-,-,-,-,-,-,20137,0.12,1623,0.01,-,-,-,-,-,-,928195,5.44,1137122,6.67,215223,1.26,12223,0.07,-,-,563,0.00,1492782,8.76,14673,0.09,-,-,-,-,-,-,1414,0.01,414754,2.43,-,-,113176,0.66,259005,1.52,1673737,9.82,52609,0.31,-,-
"서울특별시",동대문구,14277374,100.00,1024853,7.18,870887,6.10,4794,0.03,1632754,11.44,-,-,213967,1.50,-,-,-,-,184982,1.30,6496144,45.50,-,-,4310,0.03,337974,2.37,194744,1.36,-,-,-,-,-,-,9423,0.07,2736,0.02,-,-,-,-,-,-,742594,5.20,107075,0.75,116185,0.81,1851,0.01,-,-,705,0.00,1535998,10.76,16527,0.12,-,-,-,-,-,-,5071,0.04,2643,0.02,-,-,115057,0.81,541783,3.79,107756,0.75,6562,0.05,-,-
"서울특별시",중랑구,18537445,100.00,1160831,6.26,1139197,6.15,7469,0.04,1134275,6.12,-,-,245916,1.33,-,-,-,-,260443,1.40,7067758,38.13,1751,0.01,5784,0.03,218495,1.18,161120,0.87,-,-,-,-,-,-,192630,1.04,3596,0.02,117942,0.64,971,0.01,1083,0.01,2353259,12.69,953568,5.14,222952,1.20,14274,0.08,-,-,541322,2.92,1788900,9.65,30496,0.16,-,-,-,-,-,-,22219,0.12,239690,1.29,-,-,121142,0.65,299043,1.61,230655,1.24,664,0.00,-,-
"서울특별시",성북구,24578799,100.00,1640335,6.67,1362784,5.54,1982,0.01,1177348,4.79,-,-,290876,1.18,-,-,-,-,45332,0.18,7950487,32.35,-,-,4247,0.02,541463,2.20,239942,0.98,-,-,-,-,-,-,85064,0.35,382,0.00,1627,0.01,98,0.00,-,-,4347058,17.69,1567083,6.38,1683803,6.85,5059,0.02,-,-,1116,0.00,2555602,10.40,29117,0.12,-,-,-,-,-,-,22149,0.09,110373,0.45,-,-,160849,0.65,695159,2.83,57591,0.23,1874,0.01,-,-
"서울특별시",강북구,23638413,100.00,1182785,5.00,1103631,4.67,3752,0.02,952198,4.03,-,-,142883,0.60,-,-,-,-,-,-,5227911,22.12,-,-,1411,0.01,180959,0.77,166426,0.70,-,-,-,-,-,-,84059,0.36,468,0.00,-,-,177,0.00,375,0.00,8119556,34.35,1421167,6.01,3079623,13.03,4192,0.02,-,-,8645,0.04,1056935,4.47,50354,0.21,-,-,-,-,-,-,9281,0.04,449462,1.90,-,-,78632,0.33,282213,1.19,20523,0.09,10798,0.05,-,-
"서울특별시",도봉구,20705082,100.00,620492,3.00,1137500,5.49,13914,0.07,827167,3.99,-,-,171047,0.83,-,-,-,-,94384,0.46,5610586,27.10,-,-,6838,0.03,242248,1.17,177184,0.86,-,-,5298,0.03,-,-,215893,1.04,11825,0.06,14463,0.07,525,0.00,5907,0.03,6797972,32.83,552324,2.67,1506807,7.28,10186,0.05,-,-,230446,1.11,1136395,5.49,63584,0.31,-,-,-,-,-,-,30634,0.15,415954,2.01,-,-,165057,0.80,491483,2.37,144989,0.70,3981,0.02,-,-
"서울특별시",노원구,35591266,100.00,444926,1.25,1454263,4.09,4225,0.01,1024364,2.88,-,-,541369,1.52,-,-,-,-,269921,0.76,9252939,26.00,1035,0.00,13313,0.04,591310,1.66,329487,0.93,-,-,4977,0.01,-,-,195204,0.55,8319,0.02,69952,0.20,638,0.00,22733,0.06,9628464,27.05,3878277,10.90,1457333,4.09,25686,0.07,308508,0.87,34670,0.10,3848943,10.81,41611,0.12,-,-,-,-,-,-,50665,0.14,545001,1.53,-,-,357717,1.01,814421,2.29,336322,0.94,34676,0.10,-,-
"서울특별시",은평구,29795877,100.00,1285422,4.31,2077988,6.97,3949,0.01,1087304,3.65,-,-,220871,0.74,-,-,-,-,100546,0.34,7740181,25.98,-,-,3933,0.01,275814,0.93,204860,0.69,-,-,-,-,-,-,318795,1.07,5396,0.02,3113,0.01,1644,0.01,66549,0.22,6885793,23.11,2929816,9.83,1766621,5.93,8911,0.03,-,-,43353,0.15,2058346,6.91,71673,0.24,-,-,-,-,-,-,44426,0.15,1795645,6.03,-,-,129486,0.43,585387,1.96,69709,0.23,10345,0.03,-,-
"서울특별시",서대문구,17687799,100.00,1133321,6.41,1137230,6.43,1905,0.01,892873,5.05,-,-,206194,1.17,-,-,-,-,76608,0.43,6247783,35.32,-,-,450,0.00,443672,2.51,140823,0.80,-,-,-,-,-,-,39854,0.23,1373,0.01,-,-,-,-,2405,0.01,3518014,19.89,1076779,6.09,281172,1.59,44,0.00,-,-,1130,0.01,1760866,9.96,35525,0.20,-,-,-,-,-,-,16281,0.09,284690,1.61,-,-,119564,0.68,231287,1.31,37955,0.21,-,-,-,-
"서울특별시",마포구,23862372,100.00,898451,3.77,1197998,5.02,5294,0.02,1617770,6.78,1487,0.01,304164,1.27,-,-,10502,0.04,179385,0.75,8965929,37.57,739,0.00,25289,0.11,277425,1.16,164199,0.69,-,-,-,-,-,-,62620,0.26,72,0.00,-,-,-,-,-,-,576718,2.42,83224,0.35,73446,0.31,56610,0.24,84399,0.35,4304,0.02,4509465,18.90,126535,0.53,-,-,-,-,-,-,14819,0.06,-,-,-,-,160927,0.67,322077,1.35,4118019,17.26,20505,0.09,-,-
"서울특별시",양천구,17462671,100.00,579169,3.32,1693755,9.70,6266,0.04,1091241,6.25,-,-,338653,1.94,-,-,-,-,47673,0.27,8036684,46.02,-,-,19053,0.11,269840,1.55,179483,1.03,-,-,-,-,-,-,90846,0.52,9712,0.06,-,-,16,0.00,14330,0.08,1480241,8.48,366958,2.10,221164,1.27,8928,0.05,-,-,8454,0.05,2352073,13.47,7611,0.04,-,-,-,-,-,-,-,-,636,0.00,-,-,235792,1.35,269092,1.54,106460,0.61,28541,0.16,-,-
"서울특별시",강서구,41457279,100.00,814664,1.97,2218554,5.35,7205,0.02,2335287,5.63,-,-,367103,0.89,113353,0.27,-,-,151195,0.36,14001981,33.77,873,0.00,208688,0.50,377931,0.91,283424,0.68,-,-,1867507,4.50,-,-,987380,2.38,185545,0.45,11392,0.03,10295,0.02,7422,0.02,2486186,6.00,506472,1.22,254230,0.61,32630,0.08,243175,0.59,27434,0.07,8373940,20.20,235645,0.57,-,-,-,-,-,-,25101,0.06,7077,0.02,-,-,262212,0.63,1603659,3.87,3276567,7.90,173153,0.42,-,-
"서울특별시",구로구,20097914,100.00,893084,4.44,1323878,6.59,144335,0.72,1558484,7.75,-,-,265500,1.32,-,-,-,-,509161,2.53,7727626,38.45,1979,0.01,3378,0.02,282161,1.40,194680,0.97,-,-,-,-,-,-,298780,1.49,17877,0.09,5409,0.03,1065,0.01,259,0.00,2935712,14.61,237276,1.18,141295,0.70,39667,0.20,-,-,20912,0.10,2405158,11.97,30865,0.15,-,-,-,-,-,-,1624,0.01,1782,0.01,-,-,209977,1.04,587969,2.93,234650,1.17,23372,0.12,-,-
"서울특별시",금천구,13020289,100.00,688991,5.29,756151,5.81,218366,1.68,1390905,10.68,-,-,100150,0.77,-,-,-,-,189299,1.45,5101193,39.18,1671,0.01,5985,0.05,145003,1.11,89617,0.69,-,-,-,-,-,-,19781,0.15,118,0.00,2086,0.02,-,-,-,-,2050482,15.75,230821,1.77,382565,2.94,26564,0.20,-,-,9368,0.07,831209,6.38,14744,0.11,-,-,-,-,-,-,20693,0.16,90070,0.69,-,-,108924,0.84,285725,2.19,257732,1.98,2075,0.02,-,-
"서울특별시",영등포구,24523730,100.00,884391,3.61,926791,3.78,133471,0.54,2378852,9.70,-,-,298967,1.22,-,-,-,-,131477,0.54,9791544,39.93,-,-,23602,0.10,229474,0.94,170561,0.70,-,-,-,-,-,-,12033,0.05,-,-,-,-,886,0.00,-,-,206226,0.84,-,-,110783,0.45,17330,0.07,-,-,-,-,3532490,14.40,92925,0.38,-,-,-,-,-,-,26741,0.11,-,-,-,-,170985,0.70,431248,1.76,4944610,20.16,8344,0.03,-,-
"서울특별시",동작구,16375774,100.00,987728,6.03,1354745,8.27,2642,0.02,969962,5.92,-,-,220592,1.35,-,-,-,-,88344,0.54,6240206,38.11,390,0.00,6170,0.04,294206,1.80,143685,0.88,-,-,-,-,-,-,24659,0.15,844,0.01,-,-,-,-,-,-,2129739,13.01,239637,1.46,320900,1.96,2901,0.02,-,-,311269,1.90,2072264,12.65,10678,0.07,-,-,-,-,-,-,-,-,-,-,-,-,158757,0.97,496336,3.03,286289,1.75,12830,0.08,-,-
"서울특별시",관악구,29585148,100.00,1480225,5.00,1503799,5.08,667,0.00,1205953,4.08,-,-,250807,0.85,-,-,-,-,20464,0.07,7298462,24.67,835,0.00,7933,0.03,547273,1.85,181816,0.61,-,-,-,-,-,-,100269,0.34,1214,0.00,-,-,-,-,888,0.00,7525218,25.44,3659293,12.37,1767124,5.97,5906,0.02,-,-,16900,0.06,1350976,4.57,14268,0.05,-,-,-,-,-,-,44489,0.15,1958730,6.62,-,-,175804,0.59,400962,1.36,60431,0.20,4444,0.02,-,-
"서울특별시",서초구,46920262,100.00,544348,1.16,1771883,3.78,11709,0.02,2395854,5.11,21,0.00,437918,0.93,-,-,-,-,2411,0.01,11915566,25.40,2773,0.01,7408,0.02,335461,0.71,177318,0.38,-,-,-,-,-,-,1499256,3.20,403244,0.86,111887,0.24,12885,0.03,75755,0.16,15371279,32.76,1240652,2.64,1772966,3.78,41680,0.09,-,-,117087,0.25,5103369,10.88,162546,0.35,-,-,-,-,-,-,33403,0.07,545,0.00,10428,0.02,183016,0.39,1808953,3.86,1361673,2.90,6968,0.01,-,-
"서울특별시",강남구,39488792,100.00,683793,1.73,2348554,5.95,13699,0.03,3578992,9.06,-,-,434760,1.10,-,-,-,-,95409,0.24,14839630,37.58,-,-,65734,0.17,384761,0.97,225596,0.57,-,-,412,0.00,-,-,626746,1.59,119295,0.30,28921,0.07,1740,0.00,29881,0.08,5028231,12.73,920842,2.33,508571,1.29,61009,0.15,-,-,153918,0.39,5520214,13.98,289697,0.73,-,-,-,-,-,-,60082,0.15,1299,0.00,-,-,284468,0.72,928218,2.35,2252662,5.70,1659,0.00,-,-
"서울특별시",송파구,33853023,100.00,772693,2.28,2234268,6.60,6952,0.02,2341221,6.92,33,0.00,667488,1.97,-,-,-,-,32549,0.10,14130043,41.74,559,0.00,23558,0.07,429231,1.27,257265,0.76,-,-,5938,0.02,-,-,417271,1.23,76696,0.23,3574,0.01,3372,0.01,7978,0.02,673632,1.99,199251,0.59,143812,0.42,53465,0.16,-,-,10918,0.03,5440494,16.07,285372,0.84,-,-,-,-,-,-,57060,0.17,-,-,-,-,377600,1.12,1479430,4.37,3510368,10.37,210932,0.62,-,-
"서울특별시",강동구,24557023,100.00,781274,3.18,1566058,6.38,2122,0.01,1339227,5.45,-,-,264770,1.08,-,-,-,-,94753,0.39,8760146,35.67,-,-,335998,1.37,278887,1.14,172016,0.70,-,-,1372,0.01,-,-,601347,2.45,247820,1.01,11672,0.05,8509,0.03,13341,0.05,2148860,8.75,306998,1.25,159463,0.65,53694,0.22,-,-,21792,0.09,3400576,13.85,87069,0.35,-,-,-,-,-,-,-,-,302,0.00,-,-,186983,0.76,1691161,6.89,2013657,8.20,7157,0.03,-,-
"부산광역시",소계,785505480,100.00,13062109,1.66,11245200,1.43,15437774,1.97,23304277,2.97,-,-,3641687,0.46,-,-,7853795,1.00,2712406,0.35,137390835,17.49,98534,0.01,474630,0.06,3509590,0.45,3803239,0.48,203483,0.03,24417599,3.11,177927,0.02,32810421,4.18,9659007,1.23,1785310,0.23,37269,0.00,264507,0.03,110981696,14.13,152102061,19.36,59167876,7.53,2972690,0.38,3160988,0.40,2404679,0.31,73715559,9.38,6390001,0.81,5204737,0.66,-,-,2058659,0.26,288661,0.04,3819242,0.49,245436,0.03,2337732,0.30,38177419,4.86,24445053,3.11,3714305,0.47,2429090,0.31
"부산광역시",중구,3027356,100.00,169232,5.59,143186,4.73,-,-,654463,21.62,-,-,19234,0.64,-,-,132345,4.37,40171,1.33,1358528,44.88,-,-,707,0.02,24372,0.81,28490,0.94,-,-,-,-,-,-,11036,0.36,50,0.00,-,-,-,-,-,-,47072,1.55,73535,2.43,55175,1.82,-,-,-,-,-,-,184735,6.10,-,-,-,-,-,-,-,-,-,-,-,-,-,-,5371,0.18,68767,2.27,7704,0.25,-,-,3182,0.11
"부산광역시",서구,14161651,100.00,816635,5.77,354603,2.50,99769,0.70,772201,5.45,-,-,91125,0.64,-,-,106680,0.75,-,-,3333356,23.54,1235,0.01,1351,0.01,105307,0.74,108173,0.76,-,-,-,-,-,-,367759,2.60,1936,0.01,1345,0.01,-,-,-,-,2532094,17.88,2656016,18.75,1207669,8.53,13109,0.09,-,-,76546,0.54,904544,6.39,-,-,-,-,-,-,40353,0.28,2954,0.02,125975,0.89,-,-,73601,0.52,291258,2.06,-,-,9060,0.06,66999,0.47
"부산광역시",동구,10136367,100.00,760043,7.50,218726,2.16,24802,0.24,781822,7.71,-,-,49816,0.49,-,-,804899,7.94,288949,2.85,3298387,32.54,-,-,122,0.00,61361,0.61,135748,1.34,-,-,-,-,-,-,96034,0.95,71,0.00,-,-,-,-,-,-,508077,5.01,1649804,16.28,451080,4.45,3031,0.03,-,-,23694,0.23,477139,4.71,1173,0.01,-,-,-,-,-,-,-,-,3882,0.04,-,-,48394,0.48,376605,3.72,64076,0.63,201,0.00,8431,0.08
"부산광역시",영도구,14646599,100.00,878752,6.00,358658,2.45,194131,1.33,701683,4.79,-,-,148676,1.02,-,-,789406,5.39,-,-,3905327,26.66,604,0.00,3416,0.02,206874,1.41,144195,0.98,-,-,-,-,-,-,250208,1.71,395,0.00,997,0.01,203,0.00,-,-,842506,5.75,3218192,21.97,784994,5.36,30446,0.21,-,-,114613,0.78,1154648,7.88,3321,0.02,-,-,-,-,121397,0.83,1618,0.01,218878,1.49,-,-,119764,0.82,335328,2.29,11564,0.08,2595,0.02,103212,0.70
"부산광역시",부산진구,29779250,100.00,1396796,4.69,1088294,3.65,8378,0.03,1915727,6.43,-,-,262337,0.88,-,-,-,-,620098,2.08,8253772,27.72,77378,0.26,3278,0.01,356137,1.20,158134,0.53,-,-,-,-,-,-,241121,0.81,934,0.00,15200,0.05,-,-,1310,0.00,3706812,12.45,5781570,19.41,2279403,7.65,7847,0.03,-,-,62481,0.21,2300265,7.72,2251,0.01,-,-,-,-,-,-,344,0.00,29535,0.10,-,-,190727,0.64,905641,3.04,30317,0.10,83163,0.28,-,-
"부산광역시",동래구,16676644,100.00,826596,4.96,928219,5.57,19928,0.12,1234846,7.40,-,-,227014,1.36,-,-,-,-,58720,0.35,6091723,36.53,402,0.00,54019,0.32,203585,1.22,124967,0.75,-,-,-,-,-,-,124750,0.75,715,0.00,1820,0.01,-,-,3284,0.02,463462,2.78,2842024,17.04,901698,5.41,21606,0.13,-,-,47154,0.28,1503619,9.02,11363,0.07,-,-,-,-,-,-,10650,0.06,9504,0.06,-,-,155663,0.93,698660,4.19,110104,0.66,550,0.00,-,-
"부산광역시",남구,27267656,100.00,986038,3.62,916243,3.36,321043,1.18,1320721,4.84,-,-,271661,1.00,-,-,1985567,7.28,48400,0.18,7886047,28.92,2417,0.01,9158,0.03,405494,1.49,144921,0.53,-,-,-,-,-,-,270096,0.99,4126,0.02,5361,0.02,-,-,-,-,2006437,7.36,4595758,16.85,1037326,3.80,23194,0.09,-,-,163059,0.60,2632505,9.65,3600,0.01,-,-,-,-,1127,0.00,3037,0.01,269163,0.99,-,-,189672,0.70,917221,3.36,52213,0.19,7435,0.03,788615,2.89
"부산광역시",북구,39759106,100.00,465926,1.17,838756,2.11,10048,0.03,963068,2.42,-,-,250102,0.63,-,-,-,-,199907,0.50,6546456,16.47,742,0.00,130630,0.33,263097,0.66,109205,0.27,-,-,-,-,-,-,766100,1.93,12696,0.03,981,0.00,-,-,2036,0.01,7641310,19.22,9141969,22.99,4998323,12.57,69032,0.17,-,-,28366,0.07,3242887,8.16,141996,0.36,-,-,-,-,-,-,57084,0.14,402746,1.01,-,-,251738,0.63,740466,1.86,2467903,6.21,15534,0.04,-,-
"부산광역시",해운대구,52324659,100.00,692060,1.32,1140094,2.18,148298,0.28,1864625,3.56,-,-,345333,0.66,-,-,101768,0.19,189354,0.36,10124355,19.35,-,-,7336,0.01,320727,0.61,279286,0.53,-,-,10742,0.02,-,-,963952,1.84,29012,0.06,16626,0.03,739,0.00,-,-,3672171,7.02,18186965,34.76,6183421,11.82,152734,0.29,-,-,46667,0.09,4541200,8.68,56440,0.11,106400,0.20,-,-,182019,0.35,28052,0.05,701291,1.34,-,-,229916,0.44,1447781,2.77,497892,0.95,14070,0.03,43330,0.08
"부산광역시",사하구,47491570,100.00,1063604,2.24,1060700,2.23,2189678,4.61,1616987,3.40,-,-,251931,0.53,-,-,705780,1.49,50807,0.11,10259035,21.60,669,0.00,138971,0.29,283373,0.60,532669,1.12,-,-,11400,0.02,-,-,493103,1.04,2345,0.00,896,0.00,1582,0.00,-,-,4452361,9.38,5527743,11.64,1544267,3.25,687870,1.45,-,-,114088,0.24,4862660,10.24,1006197,2.12,4283593,9.02,-,-,763715,1.61,23406,0.05,343875,0.72,-,-,164519,0.35,1411055,2.97,2985268,6.29,60245,0.13,597175,1.26
"부산광역시",금정구,65724543,100.00,1076407,1.64,886831,1.35,311086,0.47,1628448,2.48,-,-,275380,0.42,-,-,-,-,186254,0.28,8761994,13.33,796,0.00,17596,0.03,348891,0.53,245674,0.37,-,-,1694,0.00,-,-,2541429,3.87,250750,0.38,102936,0.16,932,0.00,36349,0.06,11982313,18.23,18975726,28.87,8454016,12.86,35351,0.05,700313,1.07,259180,0.39,4216618,6.42,224967,0.34,-,-,-,-,-,-,82932,0.13,321334,0.49,32282,0.05,189437,0.29,1149676,1.75,453825,0.69,1973129,3.00,-,-
"부산광역시",강서구,185867909,100.00,986768,0.53,549782,0.30,8019042,4.31,3553466,1.91,-,-,388147,0.21,-,-,3019005,1.62,482712,0.26,29414518,15.83,7507,0.00,58382,0.03,225741,0.12,943548,0.51,25419,0.01,20890192,11.24,16661,0.01,12406285,6.67,8505957,4.58,174707,0.09,9811,0.01,56506,0.03,13620356,7.33,16811140,9.04,6366104,3.43,1513706,0.81,155105,0.08,218004,0.12,16634463,8.95,3217087,1.73,748069,0.40,-,-,779091,0.42,17795,0.01,818898,0.44,203852,0.11,298320,0.16,19603964,10.55,13744908,7.39,665501,0.36,717387,0.39
"부산광역시",연제구,12149191,100.00,652107,5.37,685687,5.64,22288,0.18,1048327,8.63,-,-,180650,1.49,-,-,-,-,35229,0.29,4818207,39.66,-,-,2557,0.02,144401,1.19,87198,0.72,-,-,-,-,-,-,53828,0.44,854,0.01,-,-,-,-,-,-,1265981,10.42,1056030,8.69,369730,3.04,7301,0.06,-,-,74381,0.61,1219889,10.04,455,0.00,-,-,-,-,-,-,146,0.00,-,-,-,-,110040,0.91,292187,2.40,20892,0.17,827,0.01,-,-
"부산광역시",수영구,10347574,100.00,673926,6.51,747369,7.22,18373,0.18,918105,8.87,-,-,81450,0.79,-,-,22329,0.22,-,-,3828677,37.00,-,-,1711,0.02,92219,0.89,135888,1.31,-,-,-,-,-,-,32144,0.31,2191,0.02,-,-,-,-,-,-,837984,8.10,1042232,10.07,376063,3.63,1194,0.01,-,-,6711,0.06,976267,9.43,-,-,66675,0.64,-,-,58537,0.57,-,-,4481,0.04,-,-,66048,0.64,299822,2.90,50979,0.49,-,-,6198,0.06
"부산광역시",사상구,36241272,100.00,656521,1.81,579538,1.60,2237349,6.17,1850388,5.11,-,-,190373,0.53,-,-,-,-,155188,0.43,8981306,24.78,2463,0.01,33118,0.09,238126,0.66,103837,0.29,-,-,6392,0.02,-,-,782598,2.16,3167,0.01,13501,0.04,180,0.00,12717,0.04,3699095,10.21,5644656,15.58,2247671,6.20,95549,0.26,10760,0.03,4812,0.01,3429271,9.46,801464,2.21,-,-,-,-,-,-,7790,0.02,33806,0.09,-,-,156231,0.43,943463,2.60,3245519,8.96,74426,0.21,-,-
"부산광역시",기장군,219904134,100.00,960699,0.44,748515,0.34,1813561,0.82,2479400,1.13,-,-,608457,0.28,-,-,186017,0.08,356615,0.16,20529149,9.34,4322,0.00,12278,0.01,229883,0.10,521306,0.24,178064,0.08,3497180,1.59,161267,0.07,13409977,6.10,843807,0.38,1450940,0.66,23822,0.01,152305,0.07,53703665,24.42,54898701,24.96,21910936,9.96,310722,0.14,2294811,1.04,1164923,0.53,25434850,11.57,919688,0.42,-,-,-,-,112419,0.05,52852,0.02,535872,0.24,9301,0.00,88290,0.04,8695523,3.95,701889,0.32,807569,0.37,94561,0.04
"대구광역시",소계,1494256012,100.00,11646744,0.78,9830252,0.66,14797009,0.99,21521419,1.44,16251,0.00,3256823,0.22,-,-,384,0.00,1756498,0.12,139733413,9.35,62687,0.00,579386,0.04,2967020,0.20,4471969,0.30,24936437,1.67,26357464,1.76,12856005,0.86,64703553,4.33,11256247,0.75,23267132,1.56,1074059,0.07,204138,0.01,346107173,23.16,420249956,28.12,136469186,9.13,2188441,0.15,1705034,0.11,14058637,0.94,111628370,7.47,15816542,1.06,-,-,-,-,-,-,2826128,0.19,2232424,0.15,388558,0.03,1937159,0.13,30699774,2.05,23663537,1.58,8990204,0.60,-,-
"대구광역시",중구,7048643,100.00,378166,5.37,354872,5.03,6433,0.09,1342912,19.05,-,-,77067,1.09,-,-,-,-,86173,1.22,3599160,51.06,-,-,762,0.01,108280,1.54,90535,1.28,-,-,-,-,-,-,5598,0.08,221,0.00,-,-,-,-,-,-,52512,0.74,-,-,-,-,1045,0.01,-,-,-,-,505561,7.17,23270,0.33,-,-,-,-,-,-,5464,0.08,-,-,-,-,36877,0.52,279287,3.96,93880,1.33,568,0.01,-,-
"대구광역시",동구,181754495,100.00,1854972,1.02,1677426,0.92,473480,0.26,3019325,1.66,-,-,353506,0.19,-,-,-,-,387305,0.21,19741030,10.86,11762,0.01,10605,0.01,364215,0.20,537416,0.30,-,-,2674208,1.47,-,-,10505212,5.78,1011703,0.56,4391710,2.42,51014,0.03,70387,0.04,39191413,21.56,52530475,28.90,19422093,10.69,153275,0.08,371281,0.20,1682431,0.93,11926658,6.56,2069908,1.14,-,-,-,-,-,-,194129,0.11,432984,0.24,-,-,235089,0.13,3477096,1.91,1918311,1.06,1014077,0.56,-,-
"대구광역시",서구,17422333,100.00,1215057,6.97,591815,3.40,1433438,8.23,1763806,10.12,-,-,123082,0.71,-,-,-,-,174209,1.00,7739313,44.42,10068,0.06,147446,0.85,174425,1.00,122074,0.70,-,-,-,-,-,-,115901,0.67,1179,0.01,-,-,85,0.00,6679,0.04,1018953,5.85,395614,2.27,224577,1.29,19829,0.11,6681,0.04,23218,0.13,1224825,7.03,56751,0.33,-,-,-,-,-,-,9711,0.06,296,0.00,-,-,110840,0.64,445403,2.56,255351,1.47,11707,0.07,-,-
"대구광역시",남구,17818021,100.00,1170569,6.57,725728,4.07,2287,0.01,1053918,5.91,-,-,136650,0.77,-,-,-,-,17529,0.10,5111986,28.69,-,-,2079,0.01,215078,1.21,145438,0.82,-,-,-,-,-,-,62460,0.35,365,0.00,-,-,295,0.00,-,-,3157392,17.72,3187054,17.89,1381879,7.76,716,0.00,-,-,6680,0.04,715037,4.01,20659,0.12,-,-,-,-,-,-,20602,0.12,68937,0.39,-,-,69604,0.39,477146,2.68,67702,0.38,230,0.00,-,-
"대구광역시",북구,93774123,100.00,1177330,1.26,1677517,1.79,1887206,2.01,3508553,3.74,16251,0.02,617144,0.66,-,-,-,-,174066,0.19,19437821,20.73,19137,0.02,146099,0.16,584915,0.62,370540,0.40,-,-,878265,0.94,-,-,2682069,2.86,577729,0.62,132568,0.14,41448,0.04,6390,0.01,14322521,15.27,23570753,25.14,5031241,5.37,107005,0.11,76165,0.08,960020,1.02,8515839,9.08,862713,0.92,-,-,-,-,-,-,100374,0.11,34757,0.04,-,-,363929,0.39,3028985,3.23,2566616,2.74,298157,0.32,-,-
"대구광역시",수성구,76870992,100.00,1461564,1.90,1702047,2.21,31823,0.04,2439928,3.17,-,-,544332,0.71,-,-,-,-,551647,0.72,15123110,19.67,8060,0.01,8041,0.01,396891,0.52,309829,0.40,-,-,254780,0.33,-,-,3405011,4.43,293572,0.38,1495007,1.94,13778,0.02,7918,0.01,18157116,23.62,11853743,15.42,7529502,9.79,33035,0.04,37094,0.05,725885,0.94,5872337,7.64,904773,1.18,-,-,-,-,-,-,106698,0.14,29304,0.04,-,-,267299,0.35,2194730,2.86,645289,0.84,466849,0.61,-,-
"대구광역시",달서구,62582998,100.00,1093673,1.75,2034131,3.25,4514386,7.21,3339055,5.34,-,-,662814,1.06,-,-,-,-,43184,0.07,20359110,32.53,1812,0.00,184713,0.30,684811,1.09,274171,0.44,-,-,80543,0.13,-,-,833752,1.33,39559,0.06,72833,0.12,1845,0.00,5937,0.01,8263810,13.20,8676894,13.86,2404579,3.84,73168,0.12,37999,0.06,287018,0.46,5502313,8.79,205610,0.33,-,-,-,-,-,-,25599,0.04,98301,0.16,-,-,427289,0.68,1391179,2.22,775855,1.24,187054,0.30,-,-
"대구광역시",달성군,423249030,100.00,1625431,0.38,1027626,0.24,6044544,1.43,3596922,0.85,-,-,579917,0.14,-,-,384,0.00,130927,0.03,32380483,7.65,8437,0.00,69509,0.02,383811,0.09,965954,0.23,6034339,1.43,17196913,4.06,1212594,0.29,21827353,5.16,7372495,1.74,1844874,0.44,258945,0.06,84368,0.02,90608267,21.41,111073164,26.24,42375474,10.01,601927,0.14,122523,0.03,5309262,1.25,37036525,8.75,4457155,1.05,-,-,-,-,-,-,1185902,0.28,1290472,0.30,5691,0.00,341223,0.08,10561749,2.50,12828724,3.03,2805146,0.66,-,-
"대구광역시",군위군,613735377,100.00,1669983,0.27,39090,0.01,403410,0.07,1457000,0.24,-,-,162311,0.03,-,-,-,-,191459,0.03,16241400,2.65,3412,0.00,10132,0.00,54593,0.01,1656011,0.27,18902098,3.08,5272754,0.86,11643411,1.90,25266196,4.12,1959425,0.32,15330142,2.50,706649,0.12,22460,0.00,171335189,27.92,208962260,34.05,58099840,9.47,1198442,0.20,1053290,0.17,5064122,0.83,40329273,6.57,7215703,1.18,-,-,-,-,-,-,1177649,0.19,277373,0.05,382867,0.06,85010,0.01,8844199,1.44,4511810,0.74,4206416,0.69,-,-
"인천광역시",소계,1110271432,100.00,13136807,1.18,11836341,1.07,14822210,1.34,22204586,2.00,2199,0.00,3902397,0.35,1148708,0.10,3909869,0.35,1438406,0.13,173641750,15.64,40948,0.00,394115,0.04,2983662,0.27,12206125,1.10,103303376,9.30,33557114,3.02,5885151,0.53,62599401,5.64,6012985,0.54,2112320,0.19,1134785,0.10,548328,0.05,179948806,16.21,83828610,7.55,86464959,7.79,2157623,0.19,4864718,0.44,6268237,0.56,124085734,11.18,11804225,1.06,6370894,0.57,1561933,0.14,5320832,0.48,536234,0.05,6634607,0.60,675672,0.06,2378206,0.21,76362887,6.88,9278191,0.84,18837226,1.70,6070253,0.55
"인천광역시",중구,148517012,100.00,693905,0.47,702278,0.47,970476,0.65,3588416,2.42,-,-,506494,0.34,1148708,0.77,2584893,1.74,517028,0.35,35195260,23.70,16635,0.01,20836,0.01,236532,0.16,2109714,1.42,-,-,1759848,1.18,-,-,5156815,3.47,149072,0.10,156658,0.11,9386,0.01,40429,0.03,11281261,7.60,9484213,6.39,5181566,3.49,127076,0.09,1788114,1.20,128951,0.09,34098011,22.96,2757367,1.86,3981532,2.68,743271,0.50,1146468,0.77,112620,0.08,404884,0.27,24050,0.02,144117,0.10,16817141,11.32,384030,0.26,3239903,2.18,1109052,0.75
"인천광역시",동구,7146560,100.00,310740,4.35,165195,2.31,1019759,14.27,608607,8.52,-,-,62720,0.88,-,-,193667,2.71,25123,0.35,3521038,49.27,-,-,4840,0.07,63609,0.89,100759,1.41,-,-,-,-,-,-,4129,0.06,-,-,-,-,-,-,-,-,-,-,-,-,-,-,84,0.00,-,-,-,-,641266,8.97,2644,0.04,20015,0.28,-,-,-,-,-,-,-,-,-,-,47943,0.67,169017,2.37,316,0.00,160883,2.25,24207,0.34
"인천광역시",미추홀구,24955119,100.00,1299401,5.21,1793943,7.19,636612,2.55,1830823,7.34,-,-,296361,1.19,-,-,-,-,105715,0.42,10791451,43.24,428,0.00,10333,0.04,375417,1.50,278757,1.12,-,-,-,-,-,-,89162,0.36,524,0.00,-,-,-,-,973,0.00,1288689,5.16,332853,1.33,87284,0.35,7376,0.03,339,0.00,14096,0.06,2431312,9.74,42420,0.17,-,-,-,-,-,-,-,-,7158,0.03,-,-,244427,0.98,2688864,10.77,292125,1.17,8277,0.03,-,-
"인천광역시",연수구,63191075,100.00,217684,0.34,1320293,2.09,320693,0.51,2274760,3.60,-,-,616461,0.98,-,-,215436,0.34,60709,0.10,20255755,32.05,1163,0.00,35807,0.06,555230,0.88,812948,1.29,-,-,-,-,-,-,587867,0.93,39696,0.06,1019,0.00,-,-,17298,0.03,2344579,3.71,652205,1.03,318307,0.50,22841,0.04,716144,1.13,67012,0.11,12748735,20.17,50797,0.08,58380,0.09,-,-,-,-,936,0.00,27649,0.04,-,-,371839,0.59,13852444,21.92,268519,0.42,1897556,3.00,2460313,3.89
"인천광역시",남동구,57605225,100.00,532738,0.92,1828484,3.17,4233598,7.35,2619136,4.55,-,-,457839,0.79,-,-,5437,0.01,173049,0.30,18347650,31.85,3982,0.01,29637,0.05,377599,0.66,483781,0.84,-,-,193422,0.34,-,-,4293638,7.45,667685,1.16,472349,0.82,7594,0.01,47783,0.08,6684976,11.60,2615633,4.54,1520960,2.64,60206,0.10,-,-,183257,0.32,7337683,12.74,1460800,2.54,1760,0.00,35759,0.06,-,-,8048,0.01,14394,0.02,-,-,254947,0.44,1487434,2.58,309081,0.54,844863,1.47,10023,0.02
"인천광역시",부평구,32114333,100.00,704038,2.19,1811403,5.64,798771,2.49,1966856,6.12,2199,0.01,305481,0.95,-,-,-,-,169458,0.53,10870714,33.85,1271,0.00,5866,0.02,385927,1.20,270930,0.84,-,-,396710,1.24,-,-,326089,1.02,11573,0.04,-,-,1792,0.01,7501,0.02,4592922,14.30,1696108,5.28,1128714,3.51,39248,0.12,8865,0.03,872682,2.72,3578812,11.14,80892,0.25,-,-,-,-,-,-,3212,0.01,498,0.00,-,-,335958,1.05,1621755,5.05,111300,0.35,6787,0.02,-,-
"인천광역시",계양구,45534295,100.00,323732,0.71,1208141,2.65,433240,0.95,1372914,3.02,-,-,250929,0.55,-,-,-,-,201283,0.44,9955858,21.86,1376,0.00,5440,0.01,258274,0.57,347494,0.76,-,-,3500838,7.69,-,-,4627502,10.16,1074005,2.36,77528,0.17,54096,0.12,16706,0.04,7290223,16.01,1960439,4.31,1256165,2.76,107635,0.24,-,-,194738,0.43,5421677,11.91,589366,1.29,-,-,-,-,-,-,8160,0.02,104,0.00,-,-,283177,0.62,3335466,7.33,1367486,3.00,10302,0.02,-,-
"인천광역시",서구,132651999,100.00,683343,0.52,2697779,2.03,5923611,4.47,4615142,3.48,-,-,850205,0.64,-,-,567973,0.43,186042,0.14,33201814,25.03,7596,0.01,253682,0.19,519264,0.39,3104976,2.34,1793728,1.35,1313431,0.99,610508,0.46,3820354,2.88,426037,0.32,102075,0.08,26337,0.02,38113,0.03,15024046,11.33,1748618,1.32,2586109,1.95,302309,0.23,1971133,1.49,1025784,0.77,21754609,16.40,1838208,1.39,176198,0.13,-,-,19945,0.02,96628,0.07,5376,0.00,216604,0.16,412828,0.31,20449063,15.42,2649064,2.00,1603614,1.21,29853,0.02
"인천광역시",강화군,413234284,100.00,6897613,1.67,235368,0.06,440782,0.11,2550407,0.62,-,-,334315,0.08,-,-,92621,0.02,-,-,24377703,5.90,381,0.00,18373,0.00,152107,0.04,1366818,0.33,94704210,22.92,21157199,5.12,4877869,1.18,34032568,8.24,3043928,0.74,1005098,0.24,1003124,0.24,301063,0.07,101208458,24.49,32210985,7.79,24149827,5.84,616503,0.15,360453,0.09,3258773,0.79,23533828,5.70,4169273,1.01,1497935,0.36,358776,0.09,317129,0.08,187072,0.05,307531,0.07,422426,0.10,193338,0.05,10682127,2.59,3587822,0.87,8254053,2.00,1326429,0.32
"인천광역시",옹진군,185321528,100.00,1473613,0.80,73457,0.04,44670,0.02,777526,0.42,-,-,221591,0.12,-,-,249841,0.13,-,-,7124506,3.84,8114,0.00,9299,0.01,59702,0.03,3329947,1.80,6805439,3.67,5235666,2.83,396775,0.21,9661278,5.21,600466,0.32,297594,0.16,32457,0.02,78463,0.04,30233651,16.31,33127557,17.88,50236026,27.11,874344,0.47,19669,0.01,522945,0.28,12539802,6.77,812457,0.44,635075,0.34,424126,0.23,3837289,2.07,119559,0.06,5867012,3.17,12592,0.01,89632,0.05,5259577,2.84,308449,0.17,2810987,1.52,1110375,0.60
"광주광역시",소계,498372133,100.00,6581176,1.32,5846658,1.17,7791225,1.56,12672573,2.54,-,-,1847942,0.37,-,-,609,0.00,979940,0.20,81300109,16.31,14076,0.00,273118,0.05,2071647,0.42,1760365,0.35,81918,0.02,58126510,11.66,3875,0.00,36809033,7.39,8226663,1.65,2987655,0.60,222803,0.04,806756,0.16,58606315,11.76,71655649,14.38,31229616,6.27,1089870,0.22,636199,0.13,6778335,1.36,64780193,13.00,5756380,1.16,-,-,-,-,-,-,100727,0.02,140376,0.03,197123,0.04,1596745,0.32,16291531,3.27,7656345,1.54,3452080,0.69,-,-
"광주광역시",동구,48737933,100.00,793870,1.63,452358,0.93,6715,0.01,1234945,2.53,-,-,142986,0.29,-,-,-,-,45024,0.09,5392122,11.06,939,0.00,13621,0.03,212753,0.44,176043,0.36,-,-,78636,0.16,-,-,1574215,3.23,22175,0.05,45384,0.09,3148,0.01,31962,0.07,19083845,39.16,9566391,19.63,4093736,8.40,104357,0.21,6158,0.01,392828,0.81,3998943,8.20,257283,0.53,-,-,-,-,-,-,24364,0.05,48860,0.10,-,-,103315,0.21,710188,1.46,51773,0.11,68997,0.14,-,-
"광주광역시",서구,47523036,100.00,945110,1.99,1199964,2.53,435723,0.92,2562453,5.39,-,-,382787,0.81,-,-,-,-,70191,0.15,13750287,28.93,1800,0.00,133163,0.28,237244,0.50,270775,0.57,-,-,3963483,8.34,-,-,3362877,7.08,486700,1.02,257914,0.54,3569,0.01,157898,0.33,1672193,3.52,2611969,5.50,1554895,3.27,154787,0.33,7234,0.02,313409,0.66,7626409,16.05,426831,0.90,-,-,-,-,-,-,8909,0.02,18293,0.04,-,-,220442,0.46,3141432,6.61,1262306,2.66,281993,0.59,-,-
"광주광역시",남구,60581655,100.00,1344667,2.22,772721,1.28,41057,0.07,1361596,2.25,-,-,256695,0.42,-,-,609,0.00,51239,0.08,9754405,16.10,1076,0.00,46259,0.08,307208,0.51,292239,0.48,22,0.00,9639058,15.91,67,0.00,4722052,7.79,3386615,5.59,304050,0.50,7044,0.01,77930,0.13,4349681,7.18,6329312,10.45,3211290,5.30,165441,0.27,99913,0.16,840094,1.39,8498925,14.03,500695,0.83,-,-,-,-,-,-,2015,0.00,4488,0.01,197123,0.33,204665,0.34,2372008,3.92,1157863,1.91,281532,0.46,-,-
"광주광역시",북구,119464123,100.00,1738700,1.46,1576888,1.32,1445681,1.21,3504088,2.93,-,-,554554,0.46,-,-,-,-,98865,0.08,20703103,17.33,3078,0.00,19447,0.02,777687,0.65,455659,0.38,26483,0.02,7944595,6.65,583,0.00,6052392,5.07,688133,0.58,483238,0.40,37308,0.03,214061,0.18,18980999,15.89,21070155,17.64,8461058,7.08,165755,0.14,6981,0.01,1884065,1.58,14816398,12.40,1188310,0.99,-,-,-,-,-,-,17729,0.01,34269,0.03,-,-,568178,0.48,3686223,3.09,1204525,1.01,1054939,0.88,-,-
"광주광역시",광산구,222065386,100.00,1758830,0.79,1844727,0.83,5862051,2.64,4009491,1.81,-,-,510920,0.23,-,-,-,-,714621,0.32,31700193,14.28,7182,0.00,60628,0.03,536755,0.24,565650,0.25,55413,0.02,36500738,16.44,3225,0.00,21097497,9.50,3643038,1.64,1897069,0.85,171733,0.08,324906,0.15,14519597,6.54,32077822,14.45,13908638,6.26,499529,0.22,515913,0.23,3347940,1.51,29839518,13.44,3383262,1.52,-,-,-,-,-,-,47710,0.02,34465,0.02,-,-,500146,0.23,6381682,2.87,3979878,1.79,1764619,0.79,-,-
"대전광역시",소계,539919350,100.00,5526639,1.02,6474075,1.20,3575314,0.66,11199736,2.07,371,0.00,2276555,0.42,-,-,388,0.00,1649197,0.31,76685602,14.20,11413,0.00,238180,0.04,2755994,0.51,2238377,0.41,599,0.00,9935295,1.84,-,-,30033180,5.56,3474735,0.64,3239805,0.60,182017,0.03,631970,0.12,126478465,23.43,88352497,16.36,48938503,9.06,669618,0.12,685404,0.13,10187679,1.89,54482882,10.09,7148202,1.32,-,-,-,-,-,-,938672,0.17,952898,0.18,52282,0.01,1266989,0.23,15097053,2.80,6020128,1.12,18518636,3.43,-,-
"대전광역시",동구,137203824,100.00,1475935,1.08,984497,0.72,151594,0.11,1932795,1.41,-,-,312838,0.23,-,-,176,0.00,421080,0.31,12059232,8.79,1958,0.00,10797,0.01,338780,0.25,314177,0.23,-,-,817690,0.60,-,-,7274772,5.30,616907,0.45,1007470,0.73,8866,0.01,176717,0.13,37411846,27.27,25884164,18.87,15088402,11.00,105504,0.08,6264,0.00,2447331,1.78,10721919,7.81,1518348,1.11,-,-,-,-,-,-,410384,0.30,269594,0.20,-,-,105238,0.08,1960154,1.43,220168,0.16,13148228,9.58,-,-
"대전광역시",중구,62095048,100.00,1316912,2.12,1005557,1.62,30520,0.05,1665424,2.68,-,-,376981,0.61,-,-,-,-,129146,0.21,9748900,15.70,1874,0.00,5985,0.01,266230,0.43,304634,0.49,-,-,442262,0.71,-,-,3610302,5.81,261372,0.42,140481,0.23,22574,0.04,75365,0.12,16109959,25.94,8634956,13.91,8266254,13.31,90048,0.15,-,-,962053,1.55,5575766,8.98,676966,1.09,-,-,-,-,-,-,45421,0.07,107666,0.17,52282,0.08,124378,0.20,1400276,2.26,604459,0.97,40043,0.06,-,-
"대전광역시",서구,95428555,100.00,1164797,1.22,2093574,2.19,66010,0.07,2405440,2.52,-,-,501667,0.53,-,-,-,-,199460,0.21,16479845,17.27,848,0.00,49329,0.05,541895,0.57,447605,0.47,599,0.00,2992425,3.14,-,-,4921706,5.16,480019,0.50,235787,0.25,76389,0.08,46107,0.05,18708603,19.60,14000525,14.67,10243727,10.73,163017,0.17,11046,0.01,2067779,2.17,9812297,10.28,1905966,2.00,-,-,-,-,-,-,60441,0.06,81867,0.09,-,-,338159,0.35,3420368,3.58,1626169,1.70,285090,0.30,-,-
"대전광역시",유성구,176057713,100.00,734338,0.42,1682624,0.96,942752,0.54,3007690,1.71,371,0.00,825983,0.47,-,-,-,-,102007,0.06,25257648,14.35,1638,0.00,96205,0.05,1383118,0.79,865084,0.49,-,-,5136017,2.92,-,-,10995970,6.25,1985447,1.13,1412571,0.80,69597,0.04,321991,0.18,40452163,22.98,31284354,17.77,13094944,7.44,214188,0.12,631426,0.36,3393523,1.93,20042072,11.38,2319320,1.32,-,-,-,-,-,-,191103,0.11,341186,0.19,-,-,492593,0.28,6154166,3.50,2090263,1.19,535358,0.30,-,-
"대전광역시",대덕구,69134211,100.00,834656,1.21,707823,1.02,2384439,3.45,2188386,3.17,-,-,259086,0.37,-,-,212,0.00,797504,1.15,13139977,19.01,5095,0.01,75865,0.11,225971,0.33,306877,0.44,-,-,546901,0.79,-,-,3230430,4.67,130990,0.19,443497,0.64,4590,0.01,11789,0.02,13795894,19.96,8548498,12.37,2245176,3.25,96861,0.14,36668,0.05,1316993,1.90,8330828,12.05,727603,1.05,-,-,-,-,-,-,231322,0.33,152585,0.22,-,-,206621,0.30,2162089,3.13,1479070,2.14,4509917,6.52,-,-
"울산광역시",소계,1064318752,100.00,6697079,0.63,4735162,0.44,18790701,1.77,10913748,1.03,-,-,2059173,0.19,7265,0.00,6845015,0.64,1195151,0.11,106166581,9.98,16505,0.00,201621,0.02,1440634,0.14,2904389,0.27,14079948,1.32,25806842,2.42,2763166,0.26,48499564,4.56,3299415,0.31,11316937,1.06,1162777,0.11,197675,0.02,295931017,27.80,243948683,22.92,75212092,7.07,972056,0.09,2341165,0.22,4010993,0.38,99392201,9.34,11155377,1.05,-,-,-,-,504112,0.05,1197610,0.11,1385931,0.13,893059,0.08,792762,0.07,38506090,3.62,6436486,0.60,10880602,1.02,1659166,0.16
"울산광역시",중구,36990843,100.00,1209182,3.27,899905,2.43,12625,0.03,1461153,3.95,-,-,290450,0.79,-,-,-,-,-,-,8336401,22.54,-,-,2446,0.01,224708,0.61,172334,0.47,-,-,351867,0.95,-,-,2867631,7.75,135167,0.37,340583,0.92,169,0.00,3846,0.01,2075550,5.61,8184062,22.12,1758521,4.75,49067,0.13,-,-,103331,0.28,4908920,13.27,586291,1.58,-,-,-,-,-,-,24253,0.07,2600,0.01,-,-,115514,0.31,1889614,5.11,917693,2.48,66961,0.18,-,-
"울산광역시",남구,74563525,100.00,834472,1.12,1320822,1.77,5747544,7.71,2734232,3.67,-,-,531591,0.71,-,-,1484712,1.99,329975,0.44,24236126,32.50,-,-,31342,0.04,409187,0.55,914428,1.23,-,-,86418,0.12,-,-,1186928,1.59,18331,0.02,202703,0.27,413,0.00,1656,0.00,6077007,8.15,5064225,6.79,1311322,1.76,99447,0.13,14046,0.02,248072,0.33,13051570,17.50,227087,0.30,-,-,-,-,-,-,7394,0.01,233,0.00,-,-,212275,0.28,5907284,7.92,929534,1.25,441513,0.59,901635,1.21
"울산광역시",동구,36702661,100.00,497836,1.36,733675,2.00,1263212,3.44,825411,2.25,-,-,242972,0.66,-,-,3909485,10.65,-,-,5624585,15.32,3319,0.01,3121,0.01,188723,0.51,354977,0.97,-,-,34831,0.09,-,-,1286359,3.50,19043,0.05,55998,0.15,171,0.00,-,-,5698768,15.53,9060995,24.69,2132332,5.81,582,0.00,-,-,32109,0.09,3275571,8.92,31137,0.08,-,-,-,-,134314,0.37,495,0.00,256165,0.70,-,-,71823,0.20,578788,1.58,378,0.00,157241,0.43,228245,0.62
"울산광역시",북구,158134648,100.00,836672,0.53,802457,0.51,4102863,2.59,1811677,1.15,-,-,337699,0.21,7265,0.00,44556,0.03,141291,0.09,16853214,10.66,2636,0.00,7466,0.00,254499,0.16,303482,0.19,1233108,0.78,3148303,1.99,577312,0.37,8541023,5.40,1454310,0.92,805533,0.51,69297,0.04,3261,0.00,47100720,29.79,34409254,21.76,9717645,6.15,120627,0.08,428074,0.27,622967,0.39,15236684,9.64,1855925,1.17,-,-,-,-,240940,0.15,319594,0.20,57790,0.04,-,-,142262,0.09,4994430,3.16,656119,0.41,424575,0.27,469115,0.30
"울산광역시",울주군,757927074,100.00,3318917,0.44,978302,0.13,7664457,1.01,4081275,0.54,-,-,656461,0.09,-,-,1406262,0.19,723885,0.10,51116256,6.74,10550,0.00,157245,0.02,363516,0.05,1159167,0.15,12846840,1.69,22185423,2.93,2185854,0.29,34617624,4.57,1672565,0.22,9912119,1.31,1092726,0.14,188912,0.02,234978972,31.00,187230146,24.70,60292272,7.95,702332,0.09,1899045,0.25,3004515,0.40,62919457,8.30,8454938,1.12,-,-,-,-,128858,0.02,845874,0.11,1069143,0.14,893059,0.12,250888,0.03,25135974,3.32,3932763,0.52,9790311,1.29,60171,0.01
"세종특별자치시",세종시,465215486,100.00,2537862,0.55,1574955,0.34,2301086,0.49,4186171,0.90,-,-,974516,0.21,283,0.00,-,-,1179264,0.25,41236043,8.86,2236,0.00,42397,0.01,728207,0.16,1107483,0.24,20548951,4.42,13688769,2.94,5126358,1.10,33253992,7.15,3064759,0.66,7424719,1.60,1487228,0.32,705709,0.15,112002193,24.08,55958995,12.03,24959281,5.37,828574,0.18,1212945,0.26,9180450,1.97,73544459,15.81,8509247,1.83,-,-,-,-,-,-,1558430,0.33,156342,0.03,469238,0.10,324532,0.07,26018497,5.59,7691878,1.65,1629437,0.35,-,-
"경기도",소계,10332412976,100.00,72678015,0.70,53277749,0.52,105894569,1.02,151105395,1.46,9757,0.00,23195983,0.22,-,-,2038208,0.02,10930732,0.11,1024498709,9.92,196968,0.00,3405690,0.03,14258210,0.14,29175456,0.28,520911446,5.04,336176925,3.25,126055879,1.22,612984587,5.93,101842289,0.99,60925499,0.59,25647479,0.25,10193266,0.10,3036802605,29.39,1211180876,11.72,567476988,5.49,62127118,0.60,54933983,0.53,108915540,1.05,1068968837,10.35,172514001,1.67,3013911,0.03,1573780,0.02,1522307,0.01,25094542,0.24,10660641,0.10,8481597,0.08,10832493,0.10,416472479,4.03,225417691,2.18,46678004,0.45,14342773,0.14
"경기도",수원시 장안구,33342492,100.00,664382,1.99,1028591,3.08,124686,0.37,1020568,3.06,-,-,315292,0.95,-,-,-,-,105063,0.32,7388052,22.16,2019,0.01,22150,0.07,328684,0.99,212141,0.64,-,-,190774,0.57,-,-,1268313,3.80,93580,0.28,50289,0.15,8796,0.03,29730,0.09,9254418,27.76,3778727,11.33,1671083,5.01,35306,0.11,-,-,253351,0.76,3558042,10.67,148391,0.45,-,-,-,-,-,-,31679,0.10,-,-,-,-,216396,0.65,931744,2.79,67502,0.20,542741,1.63,-,-
"경기도",수원시 권선구,47155716,100.00,701829,1.49,1480782,3.14,464351,0.98,2093867,4.44,-,-,273462,0.58,-,-,-,-,177748,0.38,13811879,29.29,310,0.00,14243,0.03,318708,0.68,214834,0.46,1119755,2.37,7453027,15.81,430542,0.91,3465402,7.35,602465,1.28,434094,0.92,12597,0.03,126999,0.27,828863,1.76,2006746,4.26,722071,1.53,130061,0.28,158669,0.34,172149,0.37,6468492,13.72,504140,1.07,-,-,-,-,-,-,59785,0.13,7652,0.02,-,-,242529,0.51,2123991,4.50,478177,1.01,55500,0.12,-,-
"경기도",수원시 팔달구,12867491,100.00,706882,5.49,730887,5.68,2356,0.02,1356468,10.54,-,-,243564,1.89,-,-,-,-,130973,1.02,5780549,44.92,-,-,1241,0.01,177088,1.38,153091,1.19,-,-,-,-,59,0.00,35275,0.27,443,0.00,-,-,23,0.00,235,0.00,313052,2.43,373352,2.90,110642,0.86,11738,0.09,-,-,2911,0.02,1900785,14.77,9747,0.08,-,-,-,-,-,-,6683,0.05,-,-,-,-,117788,0.92,448422,3.48,40659,0.32,212579,1.65,-,-
"경기도",수원시 영통구,27701661,100.00,202225,0.73,1131431,4.08,613569,2.21,1659267,5.99,-,-,338011,1.22,-,-,-,-,57245,0.21,10336339,37.31,6052,0.02,3234,0.01,422072,1.52,121832,0.44,9,0.00,17212,0.06,296,0.00,96839,0.35,4744,0.02,5638,0.02,30,0.00,-,-,2208059,7.97,1503559,5.43,1142139,4.12,51447,0.19,79678,0.29,107762,0.39,5734071,20.70,104734,0.38,-,-,-,-,-,-,74804,0.27,6283,0.02,-,-,235833,0.85,779358,2.81,111710,0.40,546182,1.97,-,-
"경기도",성남시 수정구,45272876,100.00,911145,2.01,655534,1.45,4823,0.01,1111671,2.46,-,-,206851,0.46,-,-,-,-,17399,0.04,7528521,16.63,5473,0.01,179101,0.40,256027,0.57,195697,0.43,-,-,8850,0.02,-,-,1658666,3.66,500553,1.11,122813,0.27,25727,0.06,68162,0.15,19886574,43.93,2165697,4.78,1823097,4.03,44371,0.10,2122,0.00,210011,0.46,4741238,10.47,181929,0.40,-,-,-,-,-,-,35372,0.08,33399,0.07,-,-,124189,0.27,2162351,4.78,280435,0.62,125077,0.28,-,-
"경기도",성남시 중원구,26411380,100.00,582719,2.21,619856,2.35,339076,1.28,955831,3.62,-,-,228275,0.86,-,-,-,-,61881,0.23,5551264,21.02,517,0.00,1018,0.00,166240,0.63,131977,0.50,-,-,9858,0.04,-,-,944499,3.58,161600,0.61,9023,0.03,1588,0.01,85615,0.32,10812550,40.94,669054,2.53,1685504,6.38,6961,0.03,-,-,221623,0.84,2469643,9.35,64296,0.24,-,-,-,-,-,-,6488,0.02,388,0.00,-,-,111963,0.42,471946,1.79,38955,0.15,1173,0.00,-,-
"경기도",성남시 분당구,69821471,100.00,492353,0.71,1691782,2.42,13351,0.02,2216215,3.17,-,-,336967,0.48,-,-,-,-,-,-,15395657,22.05,4888,0.01,10220,0.01,377673,0.54,410287,0.59,-,-,75912,0.11,-,-,1949662,2.79,133392,0.19,59255,0.08,2595,0.00,20117,0.03,25142644,36.01,5100358,7.30,2543704,3.64,74451,0.11,358630,0.51,921277,1.32,9626202,13.79,368639,0.53,-,-,-,-,-,-,61513,0.09,5837,0.01,-,-,422467,0.61,1201472,1.72,489706,0.70,314242,0.45,-,-
"경기도",의정부시,81821332,100.00,947853,1.16,1484596,1.81,139857,0.17,2144001,2.62,-,-,502856,0.61,-,-,-,-,329515,0.40,14383977,17.58,437,0.00,65448,0.08,377609,0.46,367368,0.45,272942,0.33,147040,0.18,32764,0.04,2593878,3.17,222756,0.27,310429,0.38,26826,0.03,37701,0.05,27911888,34.11,9099352,11.12,6887316,8.42,131630,0.16,-,-,846652,1.03,7367154,9.00,296894,0.36,-,-,-,-,-,-,202667,0.25,892406,1.09,-,-,229047,0.28,3083830,3.77,472361,0.58,12283,0.02,-,-
"경기도",안양시 만안구,36542226,100.00,479735,1.31,820744,2.25,289727,0.79,1028691,2.82,-,-,233045,0.64,-,-,-,-,219202,0.60,6016911,16.47,4336,0.01,47103,0.13,244547,0.67,206442,0.56,-,-,-,-,-,-,382491,1.05,34335,0.09,21337,0.06,279,0.00,28377,0.08,14109061,38.61,5319479,14.56,1968296,5.39,100077,0.27,-,-,29151,0.08,2556415,7.00,95732,0.26,-,-,-,-,-,-,105225,0.29,903964,2.47,-,-,154553,0.42,786542,2.15,352366,0.96,4061,0.01,-,-
"경기도",안양시 동안구,21976909,100.00,143039,0.65,932613,4.24,206855,0.94,1440448,6.55,-,-,279082,1.27,-,-,-,-,-,-,7143836,32.51,668,0.00,15797,0.07,228938,1.04,142469,0.65,-,-,-,-,-,-,259103,1.18,30310,0.14,-,-,-,-,12651,0.06,4971274,22.62,777883,3.54,1076094,4.90,42971,0.20,-,-,86509,0.39,2338825,10.64,45303,0.21,-,-,-,-,-,-,12702,0.06,635463,2.89,-,-,239033,1.09,800416,3.64,106271,0.48,8358,0.04,-,-
"경기도",부천시 원미구,20624058,100.00,681979,3.31,1335770,6.48,253357,1.23,2006615,9.73,-,-,310297,1.50,-,-,-,-,52392,0.25,8862712,42.97,2328,0.01,722,0.00,321575,1.56,196634,0.95,-,-,1232,0.01,-,-,407082,1.97,24867,0.12,62934,0.31,6013,0.03,73010,0.35,2224173,10.78,128198,0.62,141021,0.68,15437,0.07,-,-,22855,0.11,2652567,12.86,25800,0.13,-,-,-,-,-,-,-,-,455,0.00,-,-,308034,1.49,435573,2.11,24557,0.12,45868,0.22,-,-
"경기도",부천시 소사구,12889211,100.00,429648,3.33,886024,6.87,38177,0.30,755275,5.86,-,-,133399,1.03,-,-,-,-,126715,0.98,4432041,34.39,504,0.00,1012,0.01,181308,1.41,118141,0.92,-,-,12536,0.10,-,-,476228,3.69,27056,0.21,45292,0.35,249,0.00,15324,0.12,2048999,15.90,385153,2.99,176065,1.37,5830,0.05,-,-,31354,0.24,1898302,14.73,7644,0.06,-,-,-,-,-,-,436,0.00,-,-,-,-,139971,1.09,492824,3.82,11193,0.09,12510,0.10,-,-
"경기도",부천시 오정구,20077265,100.00,285105,1.42,964073,4.80,405661,2.02,1261657,6.28,-,-,114823,0.57,-,-,-,-,-,-,6108805,30.43,-,-,124395,0.62,84879,0.42,104485,0.52,-,-,2553981,12.72,-,-,1520982,7.58,195271,0.97,38420,0.19,26944,0.13,66310,0.33,1746693,8.70,313054,1.56,99365,0.49,27364,0.14,27222,0.14,53313,0.27,2262016,11.27,191316,0.95,-,-,-,-,-,-,2929,0.01,-,-,-,-,84897,0.42,1214255,6.05,185090,0.92,13962,0.07,-,-
"경기도",광명시,38549810,100.00,412777,1.07,839606,2.18,527799,1.37,1463703,3.80,-,-,315341,0.82,-,-,-,-,127497,0.33,8685287,22.53,723,0.00,21149,0.05,194340,0.50,202646,0.53,-,-,532567,1.38,-,-,3039297,7.88,1126171,2.92,79340,0.21,13967,0.04,59260,0.15,10474753,27.17,588939,1.53,588940,1.53,55761,0.14,-,-,279724,0.73,5031669,13.05,241387,0.63,-,-,-,-,-,-,32495,0.08,-,-,-,-,157572,0.41,3119360,8.09,261391,0.68,76349,0.20,-,-
